{"cameraMode":{"drawMode":0,"name":"Shaded","section":"Shading Mode"},"sceneLighting":true,"audioPlay":false,"sceneViewState":{"showFog":true,"showMaterialUpdate":false,"showSkybox":false,"showFlares":true,"showImageEffects":true,"showParticleSystems":true},"in2DMode":false,"pivot":{"x":-1.6078572273254395,"y":-10.82703971862793,"z":18.357559204101564},"rotation":{"x":0.25233715772628786,"y":-0.039180826395750049,"z":0.010226293466985226,"w":0.9667903780937195},"size":12.12435531616211,"orthographic":false}