{"cameraMode":{"drawMode":0,"name":"Shaded","section":"Shading Mode"},"sceneLighting":true,"audioPlay":false,"sceneViewState":{"showFog":true,"showMaterialUpdate":false,"showSkybox":false,"showFlares":true,"showImageEffects":true,"showParticleSystems":true},"in2DMode":false,"pivot":{"x":-9.959537506103516,"y":-13.112645149230957,"z":12.032905578613282},"rotation":{"x":-0.3207814693450928,"y":0.32106879353523257,"z":-0.1165851578116417,"w":-0.8834172487258911},"size":12.12435531616211,"orthographic":false}