{"cameraMode":{"drawMode":0,"name":"Shaded","section":"Shading Mode"},"sceneLighting":true,"audioPlay":false,"sceneViewState":{"showFog":true,"showMaterialUpdate":false,"showSkybox":false,"showFlares":true,"showImageEffects":true,"showParticleSystems":true},"in2DMode":false,"pivot":{"x":-5.804834365844727,"y":-19.14520835876465,"z":14.605380058288575},"rotation":{"x":0.41129952669143679,"y":-0.15730859339237214,"z":0.07229909300804138,"w":0.8949077129364014},"size":13.465232849121094,"orthographic":false}