{"cameraMode":{"drawMode":0,"name":"Shaded","section":"Shading Mode"},"sceneLighting":false,"audioPlay":false,"sceneViewState":{"showFog":true,"showMaterialUpdate":false,"showSkybox":false,"showFlares":true,"showImageEffects":true,"showParticleSystems":true},"in2DMode":false,"pivot":{"x":2.384185791015625e-7,"y":0.7375002503395081,"z":0.0},"rotation":{"x":0.2879254221916199,"y":-0.35325729846954348,"z":0.11519244313240051,"w":0.8826429843902588},"size":2.254197597503662,"orthographic":false}