{"cameraMode":{"drawMode":0,"name":"Shaded","section":"Shading Mode"},"sceneLighting":true,"audioPlay":false,"sceneViewState":{"showFog":true,"showMaterialUpdate":false,"showSkybox":true,"showFlares":true,"showImageEffects":true,"showParticleSystems":true},"in2DMode":false,"pivot":{"x":3.604559898376465,"y":-12.424147605895996,"z":13.54085922241211},"rotation":{"x":-0.5080801844596863,"y":0.36072245240211489,"z":-0.24693207442760468,"w":-0.7421561479568481},"size":16.186304092407228,"orthographic":false}