{"cameraMode":{"drawMode":0,"name":"Shaded","section":"Shading Mode"},"sceneLighting":false,"audioPlay":false,"sceneViewState":{"showFog":true,"showMaterialUpdate":false,"showSkybox":false,"showFlares":true,"showImageEffects":true,"showParticleSystems":true},"in2DMode":false,"pivot":{"x":-0.10507827997207642,"y":0.6683791875839233,"z":-1.4404728412628174},"rotation":{"x":0.46367740631103518,"y":-0.20359240472316743,"z":0.11033736914396286,"w":0.8552132844924927},"size":2.254197597503662,"orthographic":false}