{"cameraMode":{"drawMode":0,"name":"Shaded","section":"Shading Mode"},"sceneLighting":true,"audioPlay":false,"sceneViewState":{"showFog":true,"showMaterialUpdate":false,"showSkybox":false,"showFlares":true,"showImageEffects":true,"showParticleSystems":true},"in2DMode":false,"pivot":{"x":-1.0236529111862183,"y":4.06363582611084,"z":-5.087417125701904},"rotation":{"x":0.36631324887275698,"y":0.18137897551059724,"z":-0.07307371497154236,"w":0.9097201228141785},"size":2.2859625816345217,"orthographic":false}