{"cameraMode":{"drawMode":0,"name":"Shaded","section":"Shading Mode"},"sceneLighting":false,"audioPlay":false,"sceneViewState":{"showFog":true,"showMaterialUpdate":false,"showSkybox":false,"showFlares":true,"showImageEffects":true,"showParticleSystems":true},"in2DMode":false,"pivot":{"x":-0.23513320088386537,"y":-0.4887460470199585,"z":-0.02119523286819458},"rotation":{"x":0.43507102131843569,"y":-0.5317991375923157,"z":0.36992353200912478,"w":0.6253703832626343},"size":0.9004999995231628,"orthographic":false}