{"cameraMode":{"drawMode":0,"name":"Shaded","section":"Shading Mode"},"sceneLighting":false,"audioPlay":false,"sceneViewState":{"showFog":true,"showMaterialUpdate":false,"showSkybox":false,"showFlares":true,"showImageEffects":true,"showParticleSystems":true},"in2DMode":false,"pivot":{"x":0.27666664123535159,"y":0.3701639175415039,"z":-0.2690260410308838},"rotation":{"x":0.3404030203819275,"y":-0.4132169783115387,"z":0.16996847093105317,"w":0.8273499608039856},"size":0.692425549030304,"orthographic":false}